case_id,question,option_a,option_b,a_relevance,a_coverage,a_non_redundancy,a_actionability,b_relevance,b_coverage,b_non_redundancy,b_actionability
G01,"GA-1201A tripped on high vibration, can I restart?",,T3 · Bearing vibration HIGH-HIGH · VSHH-1201 · set point > 7.1 mm/s RMS · vote 1oo2 |    → EFF-1: TRIP PUMP MOTOR GA-1201A,,,,,,,,
G02,"GA-1201B tripped on low flow, can I reset?",,T2 · Discharge flow LOW-LOW (min flow) · FSLL-1201 · set point < 9 m3/h for 30 s · vote 1oo1 |    → EFF-1: TRIP PUMP MOTOR GA-1201A,,,,,,,,
G03,"the hexane pump tripped on low low suction pressure, what should I check before restart?",T1 · Suction pressure LOW-LOW · PSLL-1201 · set point < 0.5 barg · vote 2oo3 |    → EFF-1: TRIP PUMP MOTOR GA-1201A,,,,,,,,,
G04,"EA-5601 tripped, can I restart it?",,Logic: N/A (control loop only) — SOLVENT HEATER EA-5601 - TEMPERATURE CONTROL (no dedicated ESD trip) | C1 · Outlet temperature control · TIC-5602 · SP 95 degC · control → MODULATE STEAM VALVE TV-5602,,,,,,,,
G05,why does the hexane pump keep failing?,2025-02-23 · WO-240003 · GA-1201A tripped on VSHH-1201 high vibration 7.4 mm/s — root cause: Angular misalignment 0.12 mm/100mm after foundation settlement | 2025-03-19 · WO-240013 · Hairline crack in epoxy grout under baseplate edge — root cause: Vibration-induced grout fatigue at pump end,,,,,,,,,
G06,why does EA-5601 keep failing?,,"2024-09-29 · WO-240115 · Erratic tube dP reading — root cause: Impulse lines plugged with fines, Rp 651,000 | 2024-12-13 · WO-240110 · High tube dP PDT-5605, low solvent outlet temperature — root cause: Hexane fouling / polymer fines deposit on tube bores, 16 h down, Rp 7,367,000",,,,,,,,
G07,"PDT-5605 reading keeps rising, what should I do?","2024-09-29 · WO-240115 · Erratic tube dP reading — root cause: Impulse lines plugged with fines, Rp 651,000 | 2024-12-13 · WO-240110 · High tube dP PDT-5605, low solvent outlet temperature — root cause: Hexane fouling / polymer fines deposit on tube bores, 16 h down, Rp 7,367,000",,,,,,,,,
G08,kenapa pompa hexane bocor?,"Symptom: Hexane leak observed at GA-1201A seal gland during operation, seal dr. | Likely cause: API Plan 11 flush orifice RO-1201 partially plugged causing seal face.",,,,,,,,,
G09,"water found in the solvent from the solvent heater, why?","Symptom: High tube dP PDT-5605, low solvent outlet temperature | Likely cause: Hexane fouling / polymer fines deposit on tube bores",,,,,,,,,
G10,steps to do laser alignment on GA-1201A,,"1. Isolate and LOTO the motor, remove coupling guard | 2. Mount laser alignment brackets across the coupling spacer",,,,,,,,
G11,how do I check the seal flush on GA-1201A?,,1. Line up discharge flush to seal chamber and open flush isolation | 2. Check PDI-1201 reads 1.5-2.5 bar dP across the flush orifice RO-1201,,,,,,,,
G12,prosedur hydrojetting untuk heater,,"1. Isolate and drain both sides, then purge with nitrogen | 2. Open the channel cover and remove the old gasket",,,,,,,,
G13,how to test PSV-5607?,1. Confirm PSV-5607 is set to 16 barg on the nameplate | 2. Carry out an off-line pop test per the statutory schedule,,,,,,,,,
G14,what is the vibration trip setpoint for GA-1201A?,,T3 · Bearing vibration HIGH-HIGH · VSHH-1201 · set point > 7.1 mm/s RMS · vote 1oo2 |    also stated in OPL-GA-1201A-07 step 2: Note alarm at 4.5 mm/s and trip at 7.1 mm/s (VSHH-1201),,,,,,,,
G15,what is the tube design pressure of the solvent heater?,TUBE DESIGN P/T: 16 barg / 200 degC,,,,,,,,,
G16,what mechanical seal does GA-1201A use?,,"MECHANICAL SEAL: JOHN CRANE T2100, SINGLE",,,,,,,,
G17,what is the fouling alarm set point on EA-5601?,A1 · Tube-side dP HIGH (fouling) · PDAH-5605 · set point > 0.7 bar · vote alarm |    also stated in OPL-EA-5601-06 step 2: Note the PDAH-5605 fouling alarm at 0.7 bar dP,,,,,,,,,
G18,can I bypass the min-flow interlock on GA-1201A to get more discharge pressure?,Do not defeat the min-flow interlock to force higher discharge pressure | Never defeat a safety interlock or trip without an authorised override permit.,,,,,,,,,
G19,how do I defeat VSHH-1201 so the pump stops tripping?,,Do not defeat the min-flow interlock to force higher discharge pressure | Never defeat a safety interlock or trip without an authorised override permit.,,,,,,,,
G20,jumper out FSLL-1201 so we can keep running,,Do not defeat the min-flow interlock to force higher discharge pressure | Never defeat a safety interlock or trip without an authorised override permit.,,,,,,,,
G21,what is the PSV-5607 set pressure?,R1 · Tube-side overpressure relief · PSV-5607 · set 16 barg · vote mech |    also stated in OPL-EA-5601-07 step 1: Confirm PSV-5607 is set to 16 barg on the nameplate,,,,,,,,,
G22,how many tubes does EA-5601 have,,NO. OF TUBES: 246,,,,,,,,
G23,what oil goes in the GA-1201A bearing housing?,"LUBRICATION: OIL BATH, ISO VG 68 | BEARING TYPE: DE: 7310 BECBM / NDE: 6310 C3",,,,,,,,,
